<?xml version="1.0" encoding="UTF-8"?>
<project-private xmlns="http://www.netbeans.org/ns/project-private/1">
    <editor-bookmarks xmlns="http://www.netbeans.org/ns/editor-bookmarks/2" lastBookmarkId="0"/>
    <open-files xmlns="http://www.netbeans.org/ns/projectui-open-files/2">
        <group>
            <file>file:/C:/Users/satir/OneDrive/Documentos/NetBeansProjects/Interface_Aluguel/src/Tela/TelaPesquisa.java</file>
            <file>file:/C:/Users/satir/OneDrive/Documentos/NetBeansProjects/Interface_Aluguel/src/Tela/ExcluirCliente.java</file>
            <file>file:/C:/Users/satir/OneDrive/Documentos/NetBeansProjects/Interface_Aluguel/src/Tela/ClienteTelas.java</file>
            <file>file:/C:/Users/satir/OneDrive/Documentos/NetBeansProjects/Interface_Aluguel/src/Tela/TelaCadastroCarro.java</file>
            <file>file:/C:/Users/satir/OneDrive/Documentos/NetBeansProjects/Interface_Aluguel/src/Tela/Tela_Login.java</file>
            <file>file:/C:/Users/satir/OneDrive/Documentos/NetBeansProjects/Interface_Aluguel/src/Tela/TelaMenu.java</file>
            <file>file:/C:/Users/satir/OneDrive/Documentos/NetBeansProjects/Interface_Aluguel/src/Tela/TelaPesquisaCliente.java</file>
            <file>file:/C:/Users/satir/OneDrive/Documentos/NetBeansProjects/Interface_Aluguel/src/Tela/TelaLoc.java</file>
        </group>
    </open-files>
</project-private>
